{"timestamps": [1475493783.841029, 1475493786.524142, 1475493786.61569, 1475493786.632947, 1475493786.649826, 1475493786.666714, 1475493786.684096, 1475493786.701121, 1475493789.328874, 1475493789.418329, 1475493789.435304, 1475493789.452179, 1475493789.469084, 1475493789.486217, 1475493789.503088, 1475493789.519931, 1475493789.536863, 1475493789.55382, 1475493789.57095, 1475493789.588001, 1475493789.606101, 1475493789.62362, 1475493789.641106, 1475493789.658699, 1475493789.675805, 1475493789.69285, 1475493789.710732, 1475493792.465374, 1475493792.566585, 1475493792.583812, 1475493792.601077, 1475493792.618093, 1475493792.636083, 1475493792.65451, 1475493792.675228, 1475493792.692206, 1475493792.709187, 1475493792.726021, 1475493792.743272, 1475493792.760352, 1475493792.77726, 1475493792.794132, 1475493792.810976, 1475493792.8278, 1475493792.845521, 1475493792.862371, 1475493792.879276, 1475493792.896385, 1475493792.913454, 1475493792.930474, 1475493792.947942, 1475493792.96498, 1475493792.98209, 1475493792.999158, 1475493793.016521, 1475493793.033494, 1475493793.050965, 1475493793.068769, 1475493793.085942, 1475493793.103083, 1475493793.11991, 1475493793.136746, 1475493793.154453, 1475493793.171364, 1475493795.967469, 1475493796.062481, 1475493796.07949, 1475493796.096354, 1475493796.113254, 1475493796.130075, 1475493796.146976, 1475493796.164054, 1475493796.18106, 1475493796.198103, 1475493796.215137, 1475493796.23328, 1475493796.250759, 1475493796.268334, 1475493796.28548, 1475493796.302788, 1475493796.319905, 1475493796.33689, 1475493796.353749, 1475493796.370667, 1475493796.387516, 1475493796.404452, 1475493796.421349, 1475493796.438183, 1475493796.455035, 1475493796.471922, 1475493796.488772, 1475493796.50566, 1475493796.522512, 1475493796.539377, 1475493796.556224, 1475493796.573185, 1475493796.590257, 1475493796.607271, 1475493796.624257, 1475493796.641462], "initial_reset_timestamp": 1475493780.866336, "episode_lengths": [200, 200, 200, 200, 200, 200, 200, 200, 200, 200, 200, 200, 200, 200, 200, 200, 200, 200, 200, 200, 200, 200, 200, 200, 200, 200, 200, 200, 200, 200, 200, 200, 200, 200, 200, 200, 200, 200, 200, 200, 200, 200, 200, 200, 200, 200, 200, 200, 200, 200, 200, 200, 200, 200, 200, 200, 200, 200, 200, 200, 200, 200, 200, 200, 200, 200, 200, 200, 200, 200, 200, 200, 200, 200, 200, 200, 200, 200, 200, 200, 200, 200, 200, 200, 200, 200, 200, 200, 200, 200, 200, 200, 200, 200, 200, 200, 200, 200, 200, 200], "episode_rewards": [200.0, 200.0, 200.0, 200.0, 200.0, 200.0, 200.0, 200.0, 200.0, 200.0, 200.0, 200.0, 200.0, 200.0, 200.0, 200.0, 200.0, 200.0, 200.0, 200.0, 200.0, 200.0, 200.0, 200.0, 200.0, 200.0, 200.0, 200.0, 200.0, 200.0, 200.0, 200.0, 200.0, 200.0, 200.0, 200.0, 200.0, 200.0, 200.0, 200.0, 200.0, 200.0, 200.0, 200.0, 200.0, 200.0, 200.0, 200.0, 200.0, 200.0, 200.0, 200.0, 200.0, 200.0, 200.0, 200.0, 200.0, 200.0, 200.0, 200.0, 200.0, 200.0, 200.0, 200.0, 200.0, 200.0, 200.0, 200.0, 200.0, 200.0, 200.0, 200.0, 200.0, 200.0, 200.0, 200.0, 200.0, 200.0, 200.0, 200.0, 200.0, 200.0, 200.0, 200.0, 200.0, 200.0, 200.0, 200.0, 200.0, 200.0, 200.0, 200.0, 200.0, 200.0, 200.0, 200.0, 200.0, 200.0, 200.0, 200.0]}